id,post_id,author,title,text
491,99,Maxwell@adeline.me,eos enim odio,"natus commodi debitis cum ex rerum alias quis
maxime fugiat fugit sapiente distinctio nostrum tempora
possimus quod vero itaque enim accusantium perferendis
fugit ut eum labore accusantium voluptas"
492,99,Amina@emmet.org,consequatur alias ab fuga tenetur maiores modi,"iure deleniti aut consequatur necessitatibus
id atque voluptas mollitia
voluptates doloremque dolorem
repudiandae hic enim laboriosam consequatur velit minus"
493,99,Gilda@jacques.org,ut praesentium sit eos rerum tempora,"est eos doloremque autem
similique sint fuga atque voluptate est
minus tempore quia asperiores aliquam et corporis voluptatem
consequatur et eum illo aut qui molestiae et amet"
494,99,Kadin@walter.io,molestias facere soluta mollitia totam dolorem commodi itaque,"est illum quia alias ipsam minus
ut quod vero aut magni harum quis
ab minima voluptates nemo non sint quis
distinctio officia ea et maxime"
495,99,Alice_Considine@daren.com,dolor ut ut aut molestiae esse et tempora numquam,"pariatur occaecati ea autem at quis et dolorem similique
pariatur ipsa hic et saepe itaque cumque repellendus vel
et quibusdam qui aut nemo et illo
qui non quod officiis aspernatur qui optio"
